rnm,ADULT_1,ADULT_2,ADULT_3,ADULT_4,ADULT_5,FETAL_1,FETAL_2,FETAL_3,FETAL_4,FETAL_5
H1.4: K25UN,94.77169731,95.08329142,90.84921264,93.86141777,95.4065928,93.71115833,94.00667929,93.66086713,94.18235383,94.05785238
H1.4: K25ME1,3.137175993,3.278201178,3.089429015,2.852811595,3.079615842,3.890181484,3.292709146,3.261234457,3.344289605,3.480086549
H1.4: K25ME2,1.296303813,0.990721977,5.234334373,2.421773199,0.865709781,1.815347661,2.15796205,2.305935173,2.142234819,1.860779397
H1.4: K25ME3,0.565690975,0.43899571,0.644566441,0.621831157,0.508653702,0.355161908,0.385776258,0.459541213,0.233076783,0.324522173
H1.4: K25AC,0.229131912,0.208789719,0.182457527,0.242166283,0.139427871,0.228150616,0.156873259,0.312422023,0.098044959,0.276759505
H2A1: K13UN,99.89760786,99.89033422,99.8834231,99.89777419,99.90098011,99.81608521,99.75595103,99.71763275,99.7250131,99.74239333
H2A1: K13AC,0.102392139,0.109665781,0.116576903,0.10222581,0.099019889,0.183914792,0.244048967,0.282367254,0.2749869,0.257606668
H2A1: K15UN,99.82597368,99.84787609,99.85685582,99.59064563,99.87839365,99.43665991,99.70955741,99.78915898,99.76066968,99.75421985
H2A1: K15AC,0.174026322,0.152123914,0.143144178,0.40935437,0.121606353,0.563340092,0.290442588,0.210841019,0.239330324,0.245780147
H2A3: K13UN,99.978026,99.98845427,99.9891913,99.98563027,99.99170926,99.76385924,99.93846877,99.92120409,99.8156459,99.87707925
H2A3: K13AC,0.021974005,0.01154573,0.0108087,0.014369728,0.008290739,0.236140761,0.061531233,0.078795913,0.184354099,0.122920751
H2A3: K15UN,99.90371681,99.97011522,99.98831019,99.97059054,99.99133584,99.29501583,99.90987495,99.96009929,99.81378511,99.84299844
H2A3: K15AC,0.096283186,0.029884777,0.011689809,0.02940946,0.008664164,0.704984165,0.090125052,0.039900709,0.186214889,0.157001556
H2A: K36UN,99.95946404,99.94301516,99.9292103,99.91033903,99.95123452,99.9282944,99.92505351,99.88254002,99.9093084,99.88394683
H2A: K36AC,0.040535964,0.056984844,0.070789698,0.089660975,0.048765484,0.071705602,0.074946488,0.117459981,0.090691598,0.116053175
H2A: K5UN,89.04554867,90.11218026,90.46440025,90.55247186,90.32953886,93.08214165,91.75201074,90.66412121,92.43071448,90.97481155
H2A: K5AC,10.95445133,9.88781974,9.535599751,9.447528143,9.67046114,6.917858347,8.247989259,9.335878785,7.569285521,9.025188448
H2A: K9UN,99.04016536,99.07198711,99.17846427,99.12331709,99.17547435,98.95267926,99.10434297,99.12678339,99.03615123,99.00163847
H2A: K9AC,0.95983464,0.928012891,0.821535733,0.876682907,0.824525651,1.047320742,0.895657035,0.873216614,0.96384877,0.998361527
H3.1: K27UN,6.525106566,5.593652626,5.559221949,9.891883078,4.556948156,28.21641658,18.02347977,16.81265676,24.38525221,21.18273855
H3.1: K27ME1,15.48219405,15.02390249,15.25100147,19.1871242,14.35516083,27.71742927,24.5357264,21.79589847,25.59173455,23.38207427
H3.1: K27ME2,47.87869155,48.14645002,48.10566322,45.97022928,47.47691365,32.90936897,38.11932387,40.22457496,35.30469467,37.06645144
H3.1: K27ME3,29.66808888,30.9265509,30.72521901,24.44270374,33.30418402,10.0208638,18.66849081,20.5095938,13.58150128,17.24514095
H3.1: K27AC,0.445918958,0.309443967,0.358894361,0.508059705,0.306793342,1.135921387,0.652979139,0.657276004,1.136817287,1.123594793
H3.1: K36UN,42.18580853,40.25542908,41.24322195,45.81889051,38.87154818,37.42415408,34.36691634,37.61363713,36.22971711,37.79525562
H3.1: K36ME1,38.66217961,40.14261222,37.54635616,30.49036249,41.87320135,12.63860656,23.38772956,24.90212853,18.03027962,19.79145106
H3.1: K36ME2,11.20534455,11.3968579,12.37217703,14.00917568,11.02222146,29.5979709,24.89481852,22.28218551,27.51938925,24.77864417
H3.1: K36ME3,7.434491864,7.958580569,8.3840975,9.20819635,7.89602255,19.31188799,16.45561632,14.23342561,17.15182102,16.11288731
H3.1: K36AC,0.512175439,0.246520222,0.454147364,0.473374964,0.337006454,1.027380468,0.894919254,0.968623216,1.068792998,1.52176183
H3.3: K27UN,13.82039341,12.67090608,13.36185634,13.56666176,12.51914411,25.29121141,16.55414761,15.37060068,18.25939275,16.20984876
H3.3: K27ME1,35.88333415,38.88398755,37.34420301,36.99174292,37.69761409,34.19398307,40.46058618,38.08226295,37.15317464,37.52620281
H3.3: K27ME2,29.3230177,28.9801209,28.44947261,29.60052545,29.00640669,26.24244365,27.75798475,28.27915128,25.35749206,28.24780585
H3.3: K27ME3,18.90641968,17.61840648,18.34580954,17.7432116,18.97386219,11.68060766,13.03971224,15.67820857,15.78530766,15.56279771
H3.3: K27AC,2.066835055,1.846578993,2.498658505,2.09785828,1.802972918,2.591754212,2.187569212,2.589776537,3.444632892,2.453344876
H3.3: K36UN,15.37948036,14.97181523,13.38576033,16.0273951,13.13205094,15.74989028,13.05071104,14.02916115,12.97996687,14.73754382
H3.3: K36ME1,32.32890842,29.83995589,29.93640329,30.56820564,31.57787984,18.3271171,23.91931564,26.84149657,25.44235435,26.24550443
H3.3: K36ME2,32.39777948,32.97910968,33.80242107,33.41177424,32.79760598,49.2690377,40.18339153,38.03840024,40.79120534,38.86203404
H3.3: K36ME3,19.18292542,21.60858669,21.51199785,19.13831611,21.92312558,15.40862058,21.82688761,20.0463667,19.2640671,18.64615404
H3.3: K36AC,0.710906319,0.600532516,1.363417457,0.854308909,0.569337661,1.245334341,1.019694189,1.044575336,1.522406334,1.508763668
H3: K122UN,99.92934154,99.93342357,99.92740331,99.95268678,99.97647376,97.66105779,99.60525674,99.61428635,99.02598758,98.97145652
H3: K122AC,0.070658456,0.066576432,0.072596691,0.04731322,0.023526241,2.33894221,0.394743261,0.38571365,0.974012421,1.028543476
H3: K9UN,47.52127494,46.64325272,46.75360326,48.03374141,47.20989356,42.57256134,46.70783058,45.96941673,42.8173184,45.04788227
H3: K9ME1,33.06028859,33.57580961,32.3043004,32.82373986,33.02256356,31.80551958,32.61473229,33.29246692,33.80883773,32.16649736
H3: K9ME2,16.18873241,16.46842651,17.65270868,16.02672373,16.49864325,21.53946008,16.99511739,17.20549302,18.99511345,19.11968177
H3: K9ME3,1.117276917,1.12273279,1.191650329,1.221048808,1.11910156,2.28251961,1.494251173,1.406918389,1.986960507,1.743675722
H3: K9AC,2.112427139,2.189778372,2.097737336,1.894746198,2.149798077,1.799939377,2.188068565,2.125704942,2.391769904,1.922262881
H3: K14UN,59.30203003,59.72869793,60.33926815,63.69505713,60.25939142,61.05112934,60.83656848,62.14053674,59.74116473,60.99055074
H3: K14AC,40.69796997,40.27130207,39.66073185,36.30494287,39.74060858,38.94887066,39.16343152,37.85946326,40.25883527,39.00944926
H3: K18UN,92.92011125,93.50305963,93.9293795,93.62529245,93.16260504,94.245624,93.62965845,93.60200935,94.03799389,93.51104486
H3: K18ME1,2.247217279,1.512101786,1.418452201,1.530931895,2.13760835,0.998150336,1.269012677,1.322991798,1.130582097,1.337682988
H3: K18AC,4.832671468,4.984838584,4.652168296,4.843775657,4.699786613,4.756225667,5.101328876,5.074998852,4.831424011,5.151272152
H3: K23UN,80.13300009,80.21765533,80.47714144,80.96834543,81.20897358,76.39572109,77.88447076,79.32499717,76.72533506,77.97127329
H3: K23ME1,0.143167194,0.099092206,0.088202415,0.094224752,0.104249285,0.08871931,0.118827436,0.123022532,0.155243806,0.150693173
H3: K23AC,19.72383272,19.68325247,19.43465614,18.93742982,18.68677713,23.5155596,21.99670181,20.55198029,23.11942114,21.87803354
H3: Q19UN,99.75336964,99.7612057,99.76603019,99.71771493,99.7998927,99.70854527,99.77675728,99.74672074,99.76864495,99.76743124
H3: Q19ME1,0.24663036,0.238794303,0.233969812,0.282285069,0.200107296,0.291454733,0.223242718,0.253279259,0.231355045,0.232568764
H3: K56UN,99.91534585,99.9328796,99.89760965,99.92249962,99.92291217,99.06044656,99.64985352,99.78593313,98.96881101,99.45604158
H3: K56ME1,0.047808841,0.033927335,0.053615421,0.034617316,0.060026351,0.771012632,0.233565727,0.125765396,0.736464965,0.352734916
H3: K56AC,0.036845311,0.033193061,0.048774929,0.042883061,0.017061478,0.16854081,0.116580751,0.088301475,0.294724022,0.191223505
H3: Q55UN,99.76113323,99.80204281,99.56269692,99.4936975,99.71474216,99.06087489,99.29918955,99.29344705,99.3442277,99.49442887
H3: Q55ME1,0.238866768,0.197957192,0.437303083,0.506302498,0.285257844,0.93912511,0.700810451,0.70655295,0.655772297,0.50557113
H3: K64UN,99.96185016,99.93768881,99.90739417,99.92428138,99.95598155,99.74541213,99.78538774,99.8543544,99.67545033,99.50152718
H3: K64AC,0.038149835,0.062311187,0.092605831,0.075718617,0.044018448,0.254587867,0.214612255,0.145645598,0.324549667,0.49847282
H3: K79UN,61.80697569,67.04290567,65.07225841,65.69351741,63.47012893,58.12903524,64.76827106,63.96487493,58.51224164,61.25037617
H3: K79ME1,27.30485344,24.94528479,25.22920516,25.03484644,26.46641108,25.75204194,24.6031396,25.28895725,28.31725468,27.61017362
H3: K79ME2,10.6924097,7.888632733,8.418990471,8.846962921,9.996012477,14.02121961,10.02513761,10.15053963,11.9998476,10.07034012
H3: K79ME3,0.06976597,0.074712919,0.09484175,0.076867699,0.048515001,0.828967071,0.166523354,0.143435177,0.478037435,0.608524101
H3: K79AC,0.125995209,0.048463892,1.184704209,0.347805534,0.018932507,1.26873613,0.436928378,0.452193023,0.692618651,0.460585993
H3: R42UN,99.92308732,99.95378065,99.92961528,99.91082893,99.9335136,99.09239495,99.23120548,99.43851955,99.46991125,99.11499028
H3: R42ME2,0.076912678,0.046219347,0.070384719,0.089171067,0.066486399,0.907605051,0.76879452,0.561480453,0.530088752,0.885009718
H3: R49UN,96.40952618,96.50077011,97.68322747,96.86469764,97.52399607,90.82710617,95.47132991,96.40913424,93.01762522,95.7943239
H3: R49ME2,3.590473816,3.499229888,2.316772531,3.135302361,2.47600393,9.172893832,4.52867009,3.590865757,6.982374783,4.205676102
H3R2UN: K4UN,94.55561403,94.35663092,94.2497632,94.92504879,92.97489407,90.09077354,92.56260641,93.36323175,91.46281234,91.89143454
H3R2UN: K4ME1,5.232576117,5.43988487,5.458605393,4.90740111,6.81202004,9.331293316,7.160643356,6.302990269,7.823661831,7.69525992
H3R2UN: K4ME2,0.157487307,0.155361198,0.186872576,0.108073655,0.168426737,0.05470809,0.10026834,0.119504493,0.299253261,0.115278618
H3R2UN: K4ME3,0.032624757,0.029774547,0.030675636,0.024802566,0.029012332,0.011551348,0.014912348,0.020433326,0.054782667,0.03143334
H3R2UN: K4AC,0.021697787,0.018348466,0.074083199,0.03467388,0.015646819,0.511673702,0.161569551,0.193840164,0.359489905,0.266593579
H3R2UN: Q5UN,98.96348011,98.92857851,98.98291146,98.95292927,99.06423259,98.64297378,98.95833505,99.00439145,98.7106423,98.86361784
H3R2UN: Q5ME1,1.036519886,1.071421489,1.017088538,1.047070729,0.935767407,1.357026218,1.041664947,0.995608549,1.289357697,1.136382158
H4: K5UN,95.71482212,95.64572801,95.87404391,95.71771797,95.82198356,94.76188667,95.25053918,95.45586227,95.20879566,95.40613958
H4: K5AC,4.28517788,4.354271989,4.125956092,4.282282032,4.178016443,5.238113333,4.74946082,4.54413773,4.791204336,4.59386042
H4: K8UN,92.57147392,92.06337638,92.6698182,93.55848358,93.083876,92.77836755,92.22986295,92.78385164,92.60767427,92.67356717
H4: K8AC,7.428526077,7.936623619,7.3301818,6.441516417,6.916123998,7.221632447,7.770137045,7.21614836,7.392325726,7.326432835
H4: K12UN,96.29546654,96.17621187,96.57044507,96.77326237,96.7325335,95.947586,96.14926077,96.55813047,96.15021581,96.45216324
H4: K12AC,3.704533459,3.823788134,3.429554929,3.22673763,3.267466502,4.052414002,3.850739229,3.441869535,3.849784185,3.547836757
H4: K16UN,54.83417196,52.62809996,54.09011721,56.25755195,55.2778728,61.43432256,54.28157655,56.36584092,58.51525549,56.55461667
H4: K16AC,45.16582804,47.37190004,45.90988279,43.74244805,44.7221272,38.56567744,45.71842345,43.63415908,41.48474451,43.44538333
H4: K20UN,0.259541573,0.358610852,0.250387573,0.444188261,0.222824872,2.997376356,1.045567051,0.845280966,2.403756317,1.5061941
H4: K20ME1,8.365567307,9.341276371,8.211353349,9.411154984,8.844375364,9.917300466,12.26662838,11.14994545,13.09290733,9.865087198
H4: K20ME2,83.58386885,83.45229541,84.71485433,83.12605241,83.53888579,78.76071647,80.25540831,81.83391353,76.65464655,80.98347147
H4: K20ME3,7.759386549,6.822183266,6.655619026,6.969542637,7.380048074,7.613497372,6.175426006,5.992672201,7.286396257,7.273985225
H4: K20AC,0.031635716,0.025634103,0.167785726,0.049061707,0.013865904,0.711109335,0.256970256,0.178187851,0.562293549,0.37126201
