Sample,H3.1_K27ME1,H3.1_K27ME2,H3.1_K27ME3,H3.1_K27UN,H3.1_K36ME1,H3.1_K36UN,H3.3_K27ME2,H3.3_K27ME3,H3.3_K27UN,H3.3_K36ME1,H3.3_K36ME2,H3_K18ME1,H3_K9UN
A-19,21.94821281,40.80582733,26.4159141,10.50873337,33.04036661,39.50054075,21.60979827,13.56637678,16.52975672,23.50123353,40.49465707,1.966247968,54.24439012
A-19,30.34167652,33.17340477,21.44132472,14.79082147,29.0449611,32.20377843,16.70032246,11.88377462,17.24644003,19.84195875,44.30156364,1.904379482,52.27786268
A-19,13.94040345,47.7343056,30.76684866,7.552290777,40.75696916,56.23688638,44.49260109,36.06508569,7.684772069,61.10976983,6.365524011,2.552880852,59.91197632
F-19,38.56280914,19.18504954,2.482061312,38.8452439,9.399618023,48.71447499,9.007404788,1.671161928,41.16641999,5.579256878,64.07880125,0.338442023,69.89139897
F-19,41.13598928,18.95703523,2.79928405,36.2855187,9.45831709,45.19140659,8.002728391,0.93863759,40.55374625,4.295967527,65.94004559,0.470613799,67.87208138
F-19,32.06032238,26.8916954,3.623115178,36.77098828,12.41329552,60.28641148,16.69172902,2.608936731,40.56507506,9.33654269,51.1493178,0.40089593,69.98047434
A-20,15.48219405,47.87869155,29.66808888,6.525106566,38.66217961,42.18580853,29.3230177,18.90641968,13.82039341,32.32890842,32.39777948,2.247217279,47.52127494
A-20,15.02390249,48.14645002,30.9265509,5.593652626,40.14261222,40.25542908,28.9801209,17.61840648,12.67090608,29.83995589,32.97910968,1.512101786,46.64325272
A-20,15.25100147,48.10566322,30.72521901,5.559221949,37.54635616,41.24322195,28.44947261,18.34580954,13.36185634,29.93640329,33.80242107,1.418452201,46.75360326
A-20,19.1871242,45.97022928,24.44270374,9.891883078,30.49036249,45.81889051,29.60052545,17.7432116,13.56666176,30.56820564,33.41177424,1.530931895,48.03374141
A-20,14.35516083,47.47691365,33.30418402,4.556948156,41.87320135,38.87154818,29.00640669,18.97386219,12.51914411,31.57787984,32.79760598,2.13760835,47.20989356
F-20,27.71742927,32.90936897,10.0208638,28.21641658,12.63860656,37.42415408,26.24244365,11.68060766,25.29121141,18.3271171,49.2690377,0.998150336,42.57256134
F-20,24.5357264,38.11932387,18.66849081,18.02347977,23.38772956,34.36691634,27.75798475,13.03971224,16.55414761,23.91931564,40.18339153,1.269012677,46.70783058
F-20,21.79589847,40.22457496,20.5095938,16.81265676,24.90212853,37.61363713,28.27915128,15.67820857,15.37060068,26.84149657,38.03840024,1.322991798,45.96941673
F-20,25.59173455,35.30469467,13.58150128,24.38525221,18.03027962,36.22971711,25.35749206,15.78530766,18.25939275,25.44235435,40.79120534,1.130582097,42.8173184
F-20,23.38207427,37.06645144,17.24514095,21.18273855,19.79145106,37.79525562,28.24780585,15.56279771,16.20984876,26.24550443,38.86203404,1.337682988,45.04788227
FEHS,29.99726523,40.73777472,6.071397655,22.89639124,19.26650582,50.02741456,26.74711429,3.010807763,36.58477958,12.0479509,48.31374719,0.384706858,46.35597123
FEHS,28.70074988,37.4448876,4.964073299,28.47594224,16.68329245,57.63609888,26.14511514,2.03745196,38.2282412,10.21851376,47.33636209,0.338440096,50.91627626
FEHS,25.52534389,42.09595269,5.365792255,26.64514447,17.38082393,51.60972759,27.11345576,3.675010808,39.83602406,11.29914755,50.15463134,0.344180363,55.30979351
FEHD,26.42739532,40.49423624,5.194817532,27.29665885,12.82509212,67.20542445,30.50600157,3.908591465,36.29661304,10.91586423,38.28766353,0.332539027,52.99907148
FEHD,25.80280178,39.99108145,4.840865382,28.87513151,12.69650264,67.51838775,29.72426729,2.905296591,35.54205177,10.93817774,42.96795171,0.366456843,48.10845322
FEHD,26.3902066,39.19323211,4.801272724,29.03311483,12.19750908,69.24673874,31.33701153,3.366979727,34.81188754,10.39917766,40.04788106,0.344518909,47.72605754
ADH,18.16898039,51.90690985,22.2164455,7.470907399,33.04382906,42.39395136,42.41528713,9.119964445,20.44745688,25.15232632,27.24113616,0.732181485,28.09592103
ADH,13.02068458,59.72187807,23.48868746,3.669698192,39.84645099,36.43310963,46.43458658,11.86851262,16.37096172,28.9212145,31.69836997,0.628111223,34.78926821
ADH,5.185847704,56.35906669,37.00476131,1.392085002,52.22964298,31.68019138,48.35564644,15.86076598,13.94715002,35.27728939,26.13318668,0.745984153,37.60242032
