hPTM,logFC.2020C,q.2020C,logFC.2019H,q.2019H,logFC.2016D,q.2016D,logFC.2016S,q.2016S,logFC.2016L,q.2016L
H1.4: K25AC,,,,,,,,,,
H1.4: K25ME1,0.366253524,0.052514649,,,0.143206382,0.645552186,0.034892361,0.942280407,0.218929556,0.534563717
H1.4: K25ME2,-0.105316809,0.937832508,,,0.027055427,0.874820165,0.254008213,0.145849506,-0.043884566,0.887480471
H1.4: K25ME3,,,,,0.555283764,0.803606973,3.043365161,0.175750408,2.300214019,0.321996182
H1.4: K25UN,-0.070660196,0.945009679,,,-0.725545573,0.751563846,-3.332265737,0.147909794,-2.475259007,0.282311479
H2A: K36AC,,,0.084443743,0.488836389,-0.011890268,0.751563846,-0.005917193,0.903245714,-0.006305223,0.944110976
H2A: K36UN,-0.032823978,0.631785877,-0.084443743,0.488836389,0.01189027,0.751563846,0.005917197,0.903245714,0.006305227,0.944110976
H2A: K5AC,-1.679931949,0.024285103,-4.441110043,0.000392141,0.922099518,0.160604302,-0.646296895,0.338265186,-0.295996438,0.7073337
H2A: K5UN,1.679931946,0.024285103,4.441110043,0.000392141,-0.92209952,0.160604302,0.646296893,0.338265186,0.295996433,0.7073337
H2A: K9AC,0.073562573,0.356946568,-0.401982397,0.004060408,-0.252667178,0.19787825,-0.273425098,0.17329169,-0.229447802,0.25866877
H2A: K9UN,-0.073562572,0.356946568,0.401982397,0.004060408,0.252667177,0.19787825,0.273425097,0.17329169,0.2294478,0.25866877
H2A1: K13AC,,,-0.075633152,0.294266367,-0.078313981,0.085164066,-0.078992218,0.084740311,-0.078458005,0.075879836
H2A1: K13UN,-0.142608812,0.045877935,0.075633153,0.294266367,0.07831398,0.085164066,0.078992217,0.084740311,0.078458003,0.075879836
H2A1: K15AC,,,-0.16358529,0.136098577,,,,,,
H2A1: K15UN,-0.109895808,0.356946568,0.163585293,0.136098577,0,1,0,1,0,1
H2A3: K13AC,,,-0.000411244,0.992080832,-0.01969384,0.591193974,-0.016444551,0.699711335,-0.018482142,0.686066366
H2A3: K13UN,-0.12335077,0.10397291,0.000411243,0.992080832,0.019693843,0.591193974,0.016444553,0.699711335,0.018482143,0.686066366
H2A3: K15AC,,,0.085483349,0.303375565,,,,,,
H2A3: K15UN,-0.200458996,0.206970473,-0.08548335,0.303375565,0,1,0,1,0,1
H3.1: K27AC,,,0.60688373,0.019202299,0.421712601,0.000331036,0.228412326,0.010455266,0.223686664,0.011937718
H3.1: K27ME1,8.744695984,0.000848428,15.17627601,0.100744452,14.08163034,0.002852925,15.94928211,0.002032865,16.51811235,0.002028852
H3.1: K27ME2,-10.79070676,0.000315029,-18.89325251,0.038905474,-16.1031016,0.000203792,-15.90307987,0.000332875,-12.66020182,0.001462179
H3.1: K27ME3,-13.80823118,0.001765275,-23.23987565,0.002829414,-22.62431288,0.000410122,-22.10287702,0.000908142,-21.20229648,0.001462179
H3.1: K27UN,15.2987463,0.000848428,26.34996842,0.001243535,24.22407153,7.94E-05,21.82826245,0.000124379,17.12069929,0.000491394
H3.1: K36AC,,,-0.003158177,0.992080832,,,,,,
H3.1: K36ME1,-17.9929033,0.001253397,-23.85702208,0.005464279,-29.1336064,0.000373775,-23.92976694,0.001878926,-19.76118387,0.004525558
H3.1: K36ME2,13.81344635,0.000130489,10.13756531,0.345462079,-3.076371043,0.109123243,3.75179162,0.062969104,4.970853883,0.018198202
H3.1: K36ME3,8.476849883,0.000130489,4.972252435,0.459500593,1.055544589,0.448242702,3.922645777,0.014374542,5.252938481,0.004279291
H3.1: K36UN,-4.989043594,0.015087847,8.7503625,0.488836389,31.15443286,7.94E-05,16.25532955,0.002504383,9.537391507,0.02873702
H3.3: K27AC,,,1.825343913,0.044894688,2.982137956,7.94E-05,1.2193584,0.004125432,1.36849402,0.003269136
H3.3: K27ME1,0.123065586,0.937832508,6.365685413,0.733973498,2.491739137,0.339651049,5.928085343,0.04591883,7.190337367,0.018585336
H3.3: K27ME2,-1.894933152,0.028229478,-16.36695321,0.23732525,-15.21274659,9.31E-05,-19.06661165,4.76E-05,-18.89852965,4.68E-05
H3.3: K27ME3,-3.96821513,0.007669566,-18.76550028,0.136098577,-8.889458421,0.000740443,-9.375324171,0.000908142,-8.905270517,0.001462179
H3.3: K27UN,5.149247902,0.036021794,26.94142416,0.002778407,18.62832791,0.00039635,21.29449207,0.000332875,19.24496878,0.000830736
H3.3: K36AC,,,0.043192221,0.893612301,0.71699236,0.375123915,-0.14457235,0.903245714,-0.426286271,0.686066366
H3.3: K36ME1,-6.695112998,0.010294142,-28.41373167,0.169391262,-19.03253686,0.000119056,-18.59507267,0.000285141,-16.8381937,0.000491394
H3.3: K36ME2,8.35107568,0.010294142,30.00213997,0.146328998,12.0769345,0.000373775,20.24401594,4.76E-05,20.82515271,4.68E-05
H3.3: K36ME3,-1.634571124,0.269984601,-6.205201286,0.530333589,-9.297806566,7.94E-05,-5.214808553,0.001878926,-3.77832189,0.010435694
H3.3: K36UN,-0.46984576,0.631785877,4.573600767,0.664597279,15.53641657,9.31E-05,3.71043764,0.108802914,0.217649147,0.999191979
H3: K122AC,,,0.039462192,0.664597279,-0.077060672,0.2439067,-0.045893709,0.534566105,-0.048734328,0.534563717
H3: K122UN,-0.968256796,0.04408787,-0.039462187,0.664597279,0.07706067,0.2439067,0.04589371,0.534566105,0.048734327,0.534563717
H3: K14AC,-0.287101074,0.820804096,-2.299924213,0.530333589,13.6438321,0.020601307,6.714310747,0.205061969,12.45967464,0.02873702
H3: K14UN,0.287101074,0.820804096,2.299924213,0.530333589,-13.6438321,0.020601307,-6.714310747,0.205061969,-12.45967464,0.02873702
H3: K18AC,0.180401788,0.194300467,-0.386694907,0.259595915,0.863530387,0.011062446,0.508924787,0.102346943,1.052755199,0.004758468
H3: K18ME1,-0.557578323,0.034929827,-1.737852183,0.003009617,-0.354254027,0.00014125,-0.346316515,0.000302719,-0.332878324,0.000491394
H3: K18UN,0.377176536,0.194300467,2.124547093,0.002403952,-0.50927636,0.132028774,-0.162608277,0.699711335,-0.719876877,0.036707426
H3: K23AC,2.91914962,0.00309153,0.246105383,0.810576099,3.285181521,0.259515038,2.145062234,0.527201602,7.438201944,0.025066849
H3: K23ME1,,,-0.055063779,0.281000302,-0.093049831,0.085164066,-0.076062267,0.150759151,-0.079637347,0.123602629
H3: K23UN,-2.9406637,0.00309153,-0.191041603,0.856503528,-3.19213169,0.271391208,-2.068999967,0.534566105,-7.358564597,0.025653863
H3: K4AC,,,,,-3.036621141,0.014640551,-3.023965024,0.015561291,-2.869424258,0.019956706
H3: K4ME1,,,,,-10.10786554,0.046164841,-9.194972544,0.070109885,-7.369941828,0.122819439
H3: K4ME2,,,,,-1.256051164,0.002852925,-1.207839025,0.004125432,-1.024054364,0.011937718
H3: K4ME3,,,,,-3.744475542,0.002162029,-3.687097973,0.00296145,-3.480673646,0.004525558
H3: K4UN,,,,,18.14501339,0.000829539,17.11387457,0.001878926,14.7440941,0.004344731
H3: K56AC,,,0.001768775,0.990739589,-0.159352197,0.053821804,-0.146785075,0.076479688,-0.135343937,0.084348416
H3: K56ME1,,,-0.013636377,0.771420468,0.035627849,0.490446943,0.047740642,0.402967082,0.045835484,0.443198294
H3: K56UN,-0.534032218,0.024285103,0.011867603,0.810576099,0.12372435,0.239546048,0.099044437,0.373505973,0.089508453,0.443198294
H3: K64AC,,,0.048517237,0.49636788,,,,,,
H3: K64UN,-0.225012858,0.036021794,-0.048517233,0.49636788,0,1,0,1,0,1
H3: K79AC,,,-0.346707902,0.136098577,-0.011265748,0.789163372,-0.018087758,0.699711335,-0.008173506,0.937402112
H3: K79ME1,0.518193236,0.631785877,-15.48122041,0.000379891,-12.431078,0.002288518,-9.625663893,0.010455266,-6.050198437,0.068684129
H3: K79ME2,2.084815254,0.0833571,-1.441661141,0.003009617,-12.36704279,9.31E-05,-9.869553608,0.000459775,-7.979273936,0.001733963
H3: K79ME3,,,-0.197167669,0.23732525,-0.002808961,1,-0.018506657,0.974894094,0.088123051,0.811495111
H3: K79UN,-3.292197414,0.106294879,17.46675712,0.000379891,24.81219549,0.000373775,19.53181191,0.002065045,13.94952283,0.011937718
H3: K9AC,-0.003348291,0.978411315,-1.185594166,0.190133924,-0.474838498,0.036855201,-0.318398635,0.145924982,-0.028872317,0.967713509
H3: K9ME1,-0.219729628,0.688371706,-11.95972463,0.001009051,1.457470171,0.473954179,0.4335906,0.903245714,3.100748894,0.134004497
H3: K9ME1-,,,,,-10.40278205,0.000331036,-7.108955047,0.003265388,-7.99254493,0.002217419
H3: K9ME2,2.203926226,0.052593989,-0.697320885,0.698528055,-6.59699756,0.102306246,-10.40505403,0.016764042,-8.729413597,0.031943728
H3: K9ME3,0.628502999,0.015087847,0.072731152,0.530333589,-0.098176284,0.874820165,0.034006637,0.976372758,0.220687924,0.781264575
H3: K9UN,-2.609351314,0.030143841,13.76990852,0.009140253,16.11532423,0.004578991,17.36481048,0.003547253,13.42939403,0.014211253
H3: Q19ME1,0.006022736,0.937832508,-0.082312346,0.146509261,,,,,,
H3: Q19UN,-0.006022736,0.937832508,0.082312347,0.146509261,,,,,,
H3: Q55ME1,,,-0.031002039,0.864870459,,,,,,
H3: Q55UN,-0.368428912,0.016085073,0.031002037,0.864870459,,,,,,
H3: R42ME2,,,-0.034065122,0.664597279,,,,,,
H3: R42UN,-0.660760854,0.000848428,0.03406512,0.664597279,,,,,,
H3: R49ME2,2.692539608,0.052625297,-4.311305399,0.367700422,,,,,,
H3: R49UN,-2.692539606,0.052625297,4.311305397,0.367700422,,,,,,
H3R2UN: K4AC,,,0.025595092,0.733973498,,,,,,
H3R2UN: K4ME1,2.092672232,0.016085073,-3.275769606,0.002403952,,,,,,
H3R2UN: K4ME2,-0.017441734,0.867130802,0.139356201,0.111953164,,,,,,
H3R2UN: K4ME3,,,0.032969531,0.49636788,,,,,,
H3R2UN: K4UN,-2.338218486,0.015706389,3.077848777,0.002778407,,,,,,
H3R2UN: Q5ME1,0.142434304,0.194300467,0.079227791,0.253057324,,,,,,
H3R2UN: Q5UN,-0.142434304,0.194300467,-0.07922779,0.253057324,,,,,,
H4: K12AC,0.258112611,0.206970473,0.21689042,0.723784572,0.791267425,0.481859996,-0.502717677,0.699711335,0.044924983,1
H4: K12UN,-0.258112612,0.206970473,-0.216890417,0.723784572,-0.79126742,0.481859996,0.50271768,0.699711335,-0.044924983,1
H4: K16AC,-2.812759662,0.099299764,-8.23989043,0.02574909,5.270175537,0.132028774,4.622076003,0.176111522,7.94347697,0.02873702
H4: K16UN,2.812759662,0.099299764,8.23989043,0.02574909,-5.270175537,0.132028774,-4.622076003,0.176111522,-7.94347697,0.02873702
H4: K20AC,,,0.08089099,0.252628037,-0.117903921,0.733260156,-0.272852374,0.418270555,-0.281377864,0.430859364
H4: K20ME1,2.42362829,0.016085073,16.49140478,0.003030265,9.98151816,0.160604302,13.80970771,0.069020412,4.757309385,0.551146899
H4: K20ME2,-3.985560092,0.010294142,-17.43767762,0.006847365,-11.6886127,0.196539746,-5.524786513,0.579318904,0.489515433,1
H4: K20ME3,-0.248960498,0.631785877,-4.119715196,0.001708116,-4.4503311,0.001774495,-4.018204363,0.003547253,-3.223175262,0.011937718
H4: K20UN,1.452524332,0.016085073,4.985097048,0.003100146,6.275329566,0.458168596,-3.993864461,0.699711335,-1.742271691,0.937402112
H4: K5AC,0.538214441,0.012872046,3.693462146,0.000379891,1.333549547,0.207772951,0.189435584,0.903245714,-0.687783292,0.568469522
H4: K5UN,-0.538214442,0.012872046,-3.69346215,0.000379891,-1.333549547,0.207772951,-0.18943558,0.903245714,0.68778329,0.568469522
H4: K8AC,0.1747409,0.631785877,1.978341273,0.086599813,1.957477693,0.279214155,-0.324355759,0.903245714,-0.051674013,1
H4: K8UN,-0.1747409,0.631785877,-1.978341273,0.086599813,-1.95747769,0.279214155,0.32435576,0.903245714,0.051674013,1
