rnm,LADULT_1,LADULT_2,LADULT_3,LFETAL_1,LFETAL_2,LFETAL_3
H2A1: K13UN,99.84291402,99.92717636,99.82367296,99.97999507,99.91647049,99.92419724
H2A1: K13AC,0.15708598,0.072823641,0.176327041,0.020004935,0.083529513,0.075802759
H2A1: K15UN,99.9066395,99.78202058,99.70358151,99.97898837,99.94417502,99.95983408
H2A1: K15AC,0.093360502,0.217979423,0.296418488,0.021011634,0.055824984,0.040165924
H2A3: K13UN,99.92097256,99.96692908,99.92175253,99.9719276,99.89514923,99.94381107
H2A3: K13AC,0.079027445,0.033070922,0.078247469,0.028072404,0.104850769,0.05618893
H2A3: K15UN,99.93640692,99.93295704,99.93284064,99.93892545,99.77540181,99.83142729
H2A3: K15AC,0.06359308,0.067042962,0.067159361,0.061074552,0.224598187,0.168572712
H2A: K36UN,99.91136748,99.92011106,99.95367719,99.9479647,99.69817995,99.88567985
H2A: K36AC,0.088632522,0.079888939,0.046322806,0.052035298,0.301820053,0.114320146
H2A: K5UN,91.60135549,92.11526322,91.58768442,96.59997986,96.13944528,95.88820812
H2A: K5AC,8.398644514,7.884736776,8.412315577,3.400020139,3.860554719,4.111791879
H2A: K9UN,99.2652398,99.26912968,99.15680034,99.68485902,99.59499502,99.61726297
H2A: K9AC,0.734760203,0.73087032,0.843199662,0.315140983,0.405004982,0.38273703
H3.1: K27UN,10.50873337,14.79082147,7.552290777,38.8452439,36.2855187,36.77098828
H3.1: K27ME1,21.94821281,30.34167652,13.94040345,38.56280914,41.13598928,32.06032238
H3.1: K27ME2,40.80582733,33.17340477,47.7343056,19.18504954,18.95703523,26.8916954
H3.1: K27ME3,26.4159141,21.44132472,30.76684866,2.482061312,2.79928405,3.623115178
H3.1: K27AC,0.321312389,0.252772522,0.00615151,0.924836114,0.82217273,0.653878768
H3.1: K36UN,39.50054075,32.20377843,56.23688638,48.71447499,45.19140659,60.28641148
H3.1: K36ME1,33.04036661,29.0449611,40.75696916,9.399618023,9.45831709,12.41329552
H3.1: K36ME2,16.80647884,24.3573904,2.184233128,27.14667897,28.9070592,17.70706014
H3.1: K36ME3,10.3820487,14.16090778,0.781980842,14.51596698,16.23983127,9.485896378
H3.1: K36AC,0.270565103,0.232962303,0.03993049,0.223261036,0.203385847,0.107336482
H3.3: K27UN,16.52975672,17.24644003,7.684772069,41.16641999,40.55374625,40.56507506
H3.3: K27ME1,46.20208109,52.66549224,11.31307845,44.80286588,47.60183729,36.87300485
H3.3: K27ME2,21.60979827,16.70032246,44.49260109,9.007404788,8.002728391,16.69172902
H3.3: K27ME3,13.56637678,11.88377462,36.06508569,1.671161928,0.93863759,2.608936731
H3.3: K27AC,2.091987151,1.503970644,0.444462695,3.352147422,2.903050473,3.261254334
H3.3: K36UN,12.71687891,9.25768857,27.68461057,17.78176941,15.37396802,30.22424292
H3.3: K36ME1,23.50123353,19.84195875,61.10976983,5.579256878,4.295967527,9.33654269
H3.3: K36ME2,40.49465707,44.30156364,6.365524011,64.07880125,65.94004559,51.1493178
H3.3: K36ME3,22.61395848,25.89404122,3.572657899,11.46363857,13.71240812,8.28900705
H3.3: K36AC,0.673272016,0.704747818,1.267437686,1.096533897,0.677610743,1.000889543
H3: K122UN,99.9960894,99.96346236,99.98485378,99.99862811,99.83451848,99.99287239
H3: K122AC,0.003910599,0.036537636,0.015146221,0.001371895,0.165481523,0.007127613
H3: K9UN,54.24439012,52.27786268,59.91197632,69.89139897,67.87208138,69.98047434
H3: K9ME1,34.23587397,36.77857369,34.4059108,22.64456131,24.09936146,22.79726181
H3: K9ME2,7.1387416,6.980962783,3.401756949,5.287156732,5.393177706,4.749164239
H3: K9ME3,0.561608349,0.571406075,0.345610572,0.540649009,0.580701209,0.575468234
H3: K9AC,3.819385959,3.391194768,1.93474536,1.636233974,2.054678246,1.897631369
H3: K14UN,67.52940682,70.31082242,76.35401057,73.70236895,73.08508476,74.30655874
H3: K14AC,32.47059318,29.68917758,23.64598943,26.29763105,26.91491524,25.69344126
H3: K18UN,92.2254497,92.85754157,92.348297,94.74386326,94.39771964,94.66334665
H3: K18ME1,1.966247968,1.904379482,2.552880852,0.338442023,0.470613799,0.40089593
H3: K18AC,5.808302329,5.23807895,5.098822144,4.917694722,5.131666559,4.935757422
H3: K23UN,79.0809002,79.84847831,81.16597425,80.36950051,79.14528593,80.00744151
H3: K23ME1,0.073174603,0.096714858,0.107429443,0.027502949,0.054231296,0.030393321
H3: K23AC,20.84592519,20.05480684,18.7265963,19.60299654,20.80048278,19.96216516
H3: Q19UN,99.38128342,99.33784538,99.35491053,99.43641868,99.42163128,99.46292641
H3: Q19ME1,0.61871658,0.662154623,0.645089465,0.563581324,0.57836872,0.537073587
H3: K56UN,99.95320005,99.93490607,99.96115926,99.98153579,99.93669918,99.96663322
H3: K56ME1,0.025701472,0.041746266,0.035504144,0.010344976,0.038424843,0.013272932
H3: K56AC,0.021098476,0.023347663,0.003336596,0.008119232,0.02487598,0.020093848
H3: Q55UN,99.54022064,99.2760235,99.66169535,99.54759433,99.40848562,99.61486565
H3: Q55ME1,0.459779362,0.723976503,0.33830465,0.452405665,0.591514381,0.385134353
H3: K64UN,99.94652006,99.94886091,99.97036945,99.9729318,99.84199625,99.90527067
H3: K64AC,0.053479938,0.051139092,0.029630549,0.027068201,0.158003755,0.094729334
H3: K79UN,72.0965553,73.11688871,70.08916113,89.95690721,88.5951507,89.15081858
H3: K79ME1,25.2385355,24.08123969,26.67741811,9.380658063,10.27459133,9.89828269
H3: K79ME2,1.652543203,2.134449703,2.153243782,0.451838202,0.538777249,0.624637813
H3: K79ME3,0.314807112,0.412452304,0.588117239,0.123989995,0.3491464,0.250737252
H3: K79AC,0.697558893,0.254969597,0.492059741,0.086606532,0.242334327,0.075523667
H3: R42UN,99.83449276,99.79524938,99.91898783,99.92652509,99.83617299,99.88822725
H3: R42ME2,0.165507236,0.204750624,0.081012174,0.073474912,0.16382701,0.111772746
H3: R49UN,90.1524557,89.89532803,81.44074208,94.75168123,89.15471083,90.51604994
H3: R49ME2,9.847544304,10.10467197,18.55925792,5.248318769,10.84528917,9.483950057
H3R2UN: K4UN,91.40071502,90.93658008,91.05953885,94.66378698,93.59542817,94.37116513
H3R2UN: K4ME1,8.501747743,8.963569014,8.860169163,5.004468837,6.092197408,5.401510858
H3R2UN: K4ME2,0.044384109,0.024486977,0.031554873,0.252679642,0.115195805,0.150619115
H3R2UN: K4ME3,0.003671163,0.000575869,0.0007813,0.053313931,0.028840759,0.021782236
H3R2UN: K4AC,0.049481968,0.074788058,0.047955814,0.025750606,0.168337854,0.054922657
H3R2UN: Q5UN,99.33909179,99.32532777,99.28233909,99.17962657,99.27370482,99.25574389
H3R2UN: Q5ME1,0.660908209,0.674672226,0.717660913,0.820373434,0.726295177,0.74425611
H4: K5UN,95.88134345,96.09180994,96.10463583,92.02289797,92.63943733,92.33506747
H4: K5AC,4.118656554,3.908190056,3.895364171,7.977102025,7.360562667,7.664932527
H4: K8UN,92.95756158,94.09418441,94.8346943,91.75488031,92.74317521,91.45336095
H4: K8AC,7.042438422,5.905815586,5.1653057,8.24511969,7.256824787,8.546639051
H4: K12UN,95.27264545,96.04555946,96.54910887,95.80667675,96.06391446,95.34605132
H4: K12AC,4.727354545,3.954440543,3.450891128,4.19332325,3.936085543,4.653948682
H4: K16UN,52.62281355,56.90527403,58.80933926,65.46085871,63.96535677,63.63088265
H4: K16AC,47.37718645,43.09472597,41.19066074,34.53914129,36.03464323,36.36911735
H4: K20UN,0.195948707,0.336057904,0.269424128,6.331327729,5.271925233,4.153468922
H4: K20ME1,3.219798444,4.289842038,2.779719237,23.2142888,20.2363807,16.31290457
H4: K20ME2,90.43286757,88.00928138,90.42164638,67.91714256,71.52765407,77.10596583
H4: K20ME3,6.06522786,7.287412624,6.429046423,2.367971474,2.73851815,2.316051694
H4: K20AC,0.086157418,0.077406052,0.100163833,0.169269437,0.225521849,0.111608988
