"","ENSEMBL","SYMBOL","Dual-Adult_logFC","Dual-Adult_FDR","Colony_Host_logFC","Colony_Host_FDR","Colony_Host_logFC","Colony_Host_FDR"
"1","ENSRNOG00000000239","Ccl7",4.72007872964666,1.0674180638226e-05,2.3402092,0.0440924,NA,NA
"2","ENSRNOG00000000277","Tet1",6.09215077883619,1.57515262049461e-13,1.2209543,0.009102492,NA,NA
"3","ENSRNOG00000000456","Psmb8",-4.2516259710439,5.53653046177973e-37,NA,NA,-0.7251868,0.027791901
"4","ENSRNOG00000000522","Cpne5",3.62090360891703,2.43800376997529e-06,1.4485882,0.01947826,NA,NA
"5","ENSRNOG00000000571","Psap",-0.591878556732522,0.0212991541412693,NA,NA,-0.6499477,0.034842153
"6","ENSRNOG00000000938","Ran",1.30809835258804,1.43264016809194e-08,NA,NA,-0.668415,0.046034301
"7","ENSRNOG00000000969","Cyp3a18",-7.37535816905331,2.91558210955484e-27,NA,NA,-0.7611331,0.02345399
"8","ENSRNOG00000001053","Tmed2",-1.85080630116722,4.19673354589329e-19,NA,NA,-0.6995184,0.032516334
"9","ENSRNOG00000001082","Abcb9",1.21088597217577,0.00199374134868864,1.0156599,0.03114329,NA,NA
"10","ENSRNOG00000001103","Sdk1",2.49005405312891,0.000501693654182584,1.4137038,0.008369724,NA,NA
"11","ENSRNOG00000001113","Mmd2",-1.14347769243868,0.0423875365836034,2.1406744,0.01513566,NA,NA
"12","ENSRNOG00000001143","Cit",6.72204727952995,3.74906948490926e-73,0.6693178,0.03888929,NA,NA
"13","ENSRNOG00000001156","Msi1",2.39643620040739,0.000387419629691945,1.4825816,0.04054588,NA,NA
"14","ENSRNOG00000001261","Ftcd",-4.07921885218622,9.19306506395294e-21,NA,NA,-0.5935765,0.032346576
"15","ENSRNOG00000001385","Plbd2",-3.26667380947363,1.26421765082129e-41,NA,NA,-0.6695139,0.026546328
"16","ENSRNOG00000001396","Mospd3",-1.61603316826517,4.88125857261824e-18,NA,NA,-0.7606259,0.035879126
"17","ENSRNOG00000001592","Cct8",1.65113166616735,4.89988694374227e-15,NA,NA,-0.6088164,0.047453826
"18","ENSRNOG00000001640","Tomm70",-2.1486154978038,1.96359413382745e-20,NA,NA,-0.6533957,0.042909069
"19","ENSRNOG00000001692","Chaf1b",3.19739378089553,1.4763457882413e-18,1.2995233,0.02187972,NA,NA
"20","ENSRNOG00000001865","Serpind1",-4.62337889044528,7.05900520983469e-43,NA,NA,-0.6802151,0.035560691
"21","ENSRNOG00000001869","Rab44",8.97071998394039,1.2078224660923e-32,2.6425771,0.007551574,NA,NA
"22","ENSRNOG00000001943","Retnlg",8.5690434912297,9.41308073535463e-25,2.339047,0.03777129,NA,NA
"23","ENSRNOG00000001973","Ugt2a1",-7.29462868319599,4.12302262518692e-84,NA,NA,-0.7272869,0.02732166
"24","ENSRNOG00000001980","Ugt2b35",-5.33061525531601,8.39291839583265e-78,NA,NA,-0.6862121,0.04545837
"25","ENSRNOG00000002342","Aldh3a2",-4.16839169370242,2.6439839362487e-41,NA,NA,-0.7030729,0.014887631
"26","ENSRNOG00000002425","Pctp",-0.565959382749189,0.0332007851571996,NA,NA,-0.6933765,0.049114323
"27","ENSRNOG00000002468","Tnr",1.55103969677284,0.00335465834543943,1.0553339,0.02828495,NA,NA
"28","ENSRNOG00000002607","Sox9",2.22533549789005,5.37980162930773e-06,NA,NA,-1.1556599,0.038515166
"29","ENSRNOG00000002705","Vps4b",-1.53297552684667,2.90458785868716e-16,NA,NA,-0.7715573,0.021879724
"30","ENSRNOG00000002800","Gdpd2",2.64356734330446,7.03560073732061e-07,1.8732666,0.02145313,NA,NA
"31","ENSRNOG00000003028","Dnah17",2.58428132207564,1.37432325183274e-06,0.9143881,0.0251014,NA,NA
"32","ENSRNOG00000003049","Hsd17b10",-3.39815844193918,8.16141500717299e-27,NA,NA,-0.8206879,0.016410923
"33","ENSRNOG00000003104","Trpv2",3.00726568334707,1.60809207835167e-14,1.3529423,0.01869847,NA,NA
"34","ENSRNOG00000003338","Pmp22",1.22961241607524,9.68032722106097e-05,1.2933497,0.03359166,NA,NA
"35","ENSRNOG00000003468","Capn8",8.04543787625116,3.82294706617867e-13,1.2668055,0.03485117,NA,NA
"36","ENSRNOG00000003494","Ppfia4",1.4355158583998,0.0041270155222772,1.0618959,0.01980146,NA,NA
"37","ENSRNOG00000003537","Spta1",6.53496101139622,9.32861476999399e-35,1.5578844,0.00478627,NA,NA
"38","ENSRNOG00000003653","Fh",-1.87531078935082,3.30596165006875e-20,NA,NA,-0.5350949,0.049837056
"39","ENSRNOG00000003763","Prdx4",-2.88623445154971,1.2115441125786e-39,NA,NA,-0.8169477,0.023740733
"40","ENSRNOG00000003815","Slc25a11",-0.926026503243083,1.08288811245608e-07,NA,NA,-0.7038153,0.046379176
"41","ENSRNOG00000003873","Cpd",-2.06167500858134,1.52964327862302e-09,NA,NA,-0.6265154,0.032750231
"42","ENSRNOG00000004234","Mgat2",-1.69202207618133,4.99795077872712e-15,NA,NA,-0.5996389,0.032594662
"43","ENSRNOG00000004242","Pole2",6.29500518212775,1.29010470308962e-48,2.0260366,0.01632281,NA,NA
"44","ENSRNOG00000004284","Btg1",-1.02007455955629,2.18448085783622e-06,NA,NA,-0.6595972,0.025971586
"45","ENSRNOG00000004518","Cacnb1",1.47139673794667,0.0294713268776806,1.4838489,0.01824136,NA,NA
"46","ENSRNOG00000004560","Cacna1b",5.36940536999137,7.77974247405821e-10,1.6795635,0.0001169129,NA,NA
"47","ENSRNOG00000004749","Slc30a1",-1.43351175250766,5.06109880499522e-08,NA,NA,-0.6260833,0.049335601
"48","ENSRNOG00000005451","Dnah11",2.39845520638855,0.00079973835985022,0.7172959,0.03134554,NA,NA
"49","ENSRNOG00000005551","Derl1",-1.0601576142505,1.44524692800323e-09,NA,NA,-0.6294748,0.044896339
"50","ENSRNOG00000005697","Slc6a11",1.3212209612032,0.0271225264680976,1.1748786,0.02712397,NA,NA
"51","ENSRNOG00000005828","Skp1",-1.51820429877271,1.74377024540064e-14,NA,NA,-0.7398082,0.013491905
"52","ENSRNOG00000005960","RGD1311744",2.20213587552562,0.00123622042784458,1.5641001,0.04607877,NA,NA
"53","ENSRNOG00000006030","Ptprz1",1.30313338864447,5.37381214272854e-06,1.0722113,0.03709673,NA,NA
"54","ENSRNOG00000006122","Igf2bp1",4.45821310697796,1.40311418408501e-22,1.2501121,0.04148423,NA,NA
"55","ENSRNOG00000006280","Pcsk9",-2.57880948489794,3.26891221092679e-21,NA,NA,-0.6331291,0.03204264
"56","ENSRNOG00000006314","Zbp1",3.96090348624571,6.80720389406153e-10,1.5421884,0.02345399,NA,NA
"57","ENSRNOG00000006369","Alg2",-0.658552689370971,0.0276369910806046,NA,NA,-0.6522547,0.037348824
"58","ENSRNOG00000006509","Srgap3",3.22997671485103,2.44486108999544e-07,1.1595297,0.0162075,NA,NA
"59","ENSRNOG00000006523","Atl2",-2.31961642955312,1.20428719195431e-24,NA,NA,-0.6195655,0.028433911
"60","ENSRNOG00000006623","Cd302",-4.98264600943169,3.51626229807653e-36,NA,NA,-0.5819807,0.049301898
"61","ENSRNOG00000006784","Sema4f",2.39852285033981,0.00475962937890462,2.0936575,0.003837403,NA,NA
"62","ENSRNOG00000006824","Hdac11",-2.51336892281016,5.12356670017594e-15,NA,NA,-0.8183248,0.044256069
"63","ENSRNOG00000006860","Itk",5.58080916633624,2.6930030779442e-11,1.4218896,0.01513566,NA,NA
"64","ENSRNOG00000006911","Sptb",5.84065697767417,1.95827661352284e-28,0.913819,0.02521874,NA,NA
"65","ENSRNOG00000006956"," ",1.92701958033945,0.00456804096824194,1.0004473,0.03359166,NA,NA
"66","ENSRNOG00000007002","Lif",3.18485092967913,0.00179983523564927,1.7163595,0.02712397,NA,NA
"67","ENSRNOG00000007100","Ccdc136",6.28197062130719,4.79037253694202e-44,1.1906144,0.008804004,NA,NA
"68","ENSRNOG00000007114","Psma6",-0.553037514545522,0.00225469088318546,NA,NA,-0.8299131,0.037277493
"69","ENSRNOG00000007203","Psmc6",-0.793220805956976,1.4042507431506e-05,NA,NA,-0.7372148,0.019391688
"70","ENSRNOG00000007229","Nr0b2",-5.86959299393969,2.72562968007158e-29,NA,NA,-0.9951182,0.022358107
"71","ENSRNOG00000007281","Flnc",1.3565141440491,0.0146929920685735,1.3126675,0.01296085,NA,NA
"72","ENSRNOG00000007769","Marchf2",-0.500687337845784,0.0372204540222301,NA,NA,-0.6016371,0.049390557
"73","ENSRNOG00000007869","Wscd1",3.03954702834971,1.99228068694429e-15,1.2478207,0.00896302,NA,NA
"74","ENSRNOG00000007892","Tram1",-2.4221920174963,1.85080688693397e-25,NA,NA,-0.6026909,0.045139726
"75","ENSRNOG00000008103","Mdh1",-2.4147956724964,5.94071059054582e-19,NA,NA,-0.5840069,0.033764678
"76","ENSRNOG00000008219","Ccdc33",4.80782000997144,0.000947761617271796,1.3357945,0.02603852,NA,NA
"77","ENSRNOG00000008289","Slc25a3",-0.470377324527852,0.031602118364152,NA,NA,-0.6545907,0.034543176
"78","ENSRNOG00000008356","Myo5c",6.16931127402726,2.51027515309255e-33,0.9095075,0.04939056,NA,NA
"79","ENSRNOG00000008569","Ndufa6",-1.71598382210009,2.28886122979835e-15,NA,NA,-0.612259,0.049012641
"80","ENSRNOG00000008600","Sytl1",6.2561208476102,1.02073305630229e-26,2.2654622,0.0162075,NA,NA
"81","ENSRNOG00000008638","Angptl3",-5.57709158660669,1.65096246052139e-90,NA,NA,-0.7353939,0.04131546
"82","ENSRNOG00000008728","Unc79",2.49685864934197,3.81411422834711e-05,1.2047797,0.007551574,NA,NA
"83","ENSRNOG00000008761","Ncs1",3.46928030457383,4.77755395242829e-08,1.5401208,0.03359166,NA,NA
"84","ENSRNOG00000008855","Gjb2",-5.04188497032075,1.21670315764022e-70,NA,NA,-0.6504841,0.028674775
"85","ENSRNOG00000008919","Arpp21",2.64648138673698,4.33796503362763e-08,1.2885591,0.03359166,NA,NA
"86","ENSRNOG00000008937","Csrp1",-1.20278250564076,5.23694949542233e-05,NA,NA,-0.6258943,0.037771289
"87","ENSRNOG00000009043","Piwil4",4.61690284402868,6.09187240250325e-10,1.6101695,0.0289537,NA,NA
"88","ENSRNOG00000009198","Rab6b",1.79158239705692,0.00108285158628017,1.6779609,0.04637918,NA,NA
"89","ENSRNOG00000009339","Cenpe",4.22338927902961,1.00361179553119e-24,1.3197964,0.001788029,NA,NA
"90","ENSRNOG00000009438","Serpina6",-4.65216768499569,1.12629887067725e-14,NA,NA,-0.6821376,0.033764678
"91","ENSRNOG00000009572","Hgfac",-3.8853617629123,4.91193287258179e-45,NA,NA,-0.7279466,0.028036258
"92","ENSRNOG00000009741","Cyp4a3",-5.43419562080617,3.47790396503383e-45,NA,NA,-0.6365512,0.045038079
"93","ENSRNOG00000009778","Tmem59",-2.05287908352235,2.23903441760247e-28,NA,NA,-0.5361109,0.046152473
"94","ENSRNOG00000009797","Aqp3",6.78605951700126,9.52589805985554e-35,1.5166401,0.04939056,NA,NA
"95","ENSRNOG00000009921","Serpina3m",-7.91965603445633,1.18804550751697e-83,NA,NA,-0.7490956,0.013375569
"96","ENSRNOG00000010067","Lypla2",-1.02225001568964,3.27110582499427e-10,NA,NA,-0.8134752,0.049997394
"97","ENSRNOG00000010325","Ptger3",-4.56045407114302,1.4650227650693e-26,NA,NA,-0.7273601,0.019733676
"98","ENSRNOG00000010326","Col20a1",1.83989919553172,0.00351278853834788,1.5682924,0.002088466,NA,NA
"99","ENSRNOG00000010350","Rcan2",-5.09502383746396,1.1706968441522e-22,NA,NA,-0.8003672,0.019478259
"100","ENSRNOG00000010423","Misp",5.09490946331757,7.85320041093786e-07,3.1691003,0.006421703,NA,NA
"101","ENSRNOG00000010466","Chpf2",-1.71214585796938,1.507259806775e-20,NA,NA,-0.8008321,0.011597687
"102","ENSRNOG00000010800","Hadhb",-1.37178894780902,2.79087932418132e-10,NA,NA,-0.6321272,0.026885698
"103","ENSRNOG00000010867","Msantd1",1.73135827555319,0.0493455335541185,1.4914433,0.0162075,NA,NA
"104","ENSRNOG00000010899","Bfsp2",7.22894129677212,1.88770772969432e-35,1.60981,0.02839731,NA,NA
"105","ENSRNOG00000010929","Tcam1",9.01883082954489,1.76314754457585e-20,1.5594968,0.02885864,NA,NA
"106","ENSRNOG00000011016","Slc7a2",-4.64882405937736,3.29421881103248e-30,NA,NA,-0.6730438,0.01296085
"107","ENSRNOG00000011053","Cyp2u1",-0.883085747279272,0.00173812823759647,NA,NA,-0.6602996,0.045134772
"108","ENSRNOG00000011063","Dennd1b",-2.12149879637378,0.000221668537114433,NA,NA,-0.604482,0.037693179
"109","ENSRNOG00000011076","Ank2",1.90945154817997,1.3230837470379e-07,0.7035825,0.03259378,NA,NA
"110","ENSRNOG00000011119","Spin1",-1.5846602098228,4.89610262915961e-07,NA,NA,-0.777576,0.030690491
"111","ENSRNOG00000011141","Serpina11",-3.56665500737494,7.41588765184573e-32,NA,NA,-0.6520046,0.017441885
"112","ENSRNOG00000011158","Ppp2r2a",1.45409920773657,1.88924918952137e-13,NA,NA,-0.6815147,0.048522843
"113","ENSRNOG00000011300","Lama3",-2.75087086225543,1.59673504589442e-12,0.794039,0.01615474,NA,NA
"114","ENSRNOG00000011592","Lrp10",-1.24736184823205,1.21150283947959e-12,NA,NA,-0.6086952,0.042263532
"115","ENSRNOG00000011612","Tdo2",-7.33183367900882,2.45520601587739e-44,NA,NA,-0.6747071,0.041966814
"116","ENSRNOG00000011659","Alpk3",6.99463293806374,1.27246865087313e-22,1.0730787,0.03735942,NA,NA
"117","ENSRNOG00000011680","Il16",3.69338662583522,9.76713249968589e-14,0.7833401,0.03715357,NA,NA
"118","ENSRNOG00000011688","Neil3",4.69550098268433,9.53726516033877e-15,2.0179996,0.03704407,NA,NA
"119","ENSRNOG00000011705","Stmn2",3.33705505415839,1.17091374447983e-09,2.0725284,0.047723,NA,NA
"120","ENSRNOG00000011763","Serp1",-1.92407665185437,1.72900926456866e-13,NA,NA,-0.6449806,0.028163166
"121","ENSRNOG00000011781","Oplah",-2.13537161875981,1.00530006666563e-19,NA,NA,-0.6158048,0.028338815
"122","ENSRNOG00000011809","Rpgrip1",2.51667722317024,8.60250143939887e-09,1.0043892,0.02284071,NA,NA
"123","ENSRNOG00000011821","S100a4",3.84019089441572,1.23243210695763e-35,2.1575505,0.04482953,NA,NA
"124","ENSRNOG00000011892","Slc36a2",2.53269363784638,1.4707075133915e-09,2.0580405,0.01835416,NA,NA
"125","ENSRNOG00000012058","Egflam",1.43761358267078,0.0461731931013232,1.1684488,0.01346819,NA,NA
"126","ENSRNOG00000012110","Col17a1",5.15932750295109,1.28428444768881e-14,1.25761,0.00268594,NA,NA
"127","ENSRNOG00000012156","Ostf1",0.641270519739765,0.00495668418306115,NA,NA,-0.8734264,0.0194235
"128","ENSRNOG00000012457","Cyc1",-1.28964695217203,8.20943012231601e-10,NA,NA,-0.6935861,0.044573191
"129","ENSRNOG00000012543","Mcm3",5.31214361596525,5.59080033512242e-51,1.0965884,0.01006997,NA,NA
"130","ENSRNOG00000012751","Tm9sf2",-1.37997676409213,1.09347566608843e-11,NA,NA,-0.6784657,0.030189989
"131","ENSRNOG00000012835","Espl1",4.88787708255245,7.70091631014152e-31,1.2988038,0.01903318,NA,NA
"132","ENSRNOG00000012843","Aspg",-6.65992317460536,3.56441334942832e-74,NA,NA,-0.7214049,0.028519046
"133","ENSRNOG00000012892","Abca4",3.84493448726668,2.96802340731407e-12,1.1686873,0.002062951,NA,NA
"134","ENSRNOG00000013069","Sapcd2",3.92357853316958,2.33174498133824e-28,2.3026336,0.03986986,NA,NA
"135","ENSRNOG00000013280","Olfm4",10.1738882754436,7.15431184722267e-14,2.2281734,0.04998032,NA,NA
"136","ENSRNOG00000013343","Myg1",-0.559886203045938,0.0117877081939836,NA,NA,-0.9299575,0.028953701
"137","ENSRNOG00000013586","Snai3",7.8626355850136,2.21742767287544e-11,1.8210558,0.04347397,NA,NA
"138","ENSRNOG00000013658","Nefl",2.07345295715903,0.000606902677699216,1.4676051,0.04902706,NA,NA
"139","ENSRNOG00000013679","Sema4d",3.54826064805469,2.08680408180024e-15,0.9639839,0.04226353,NA,NA
"140","ENSRNOG00000013876","Mipep",-2.17242689663697,2.28167168649634e-21,NA,NA,-0.7610933,0.021879724
"141","ENSRNOG00000014064","Ctsh",-1.97454437213123,1.68236091393588e-14,NA,NA,-0.5683299,0.045321217
"142","ENSRNOG00000014164","Paqr5",3.8509895047118,3.56041426315805e-08,1.5549198,0.01308689,NA,NA
"143","ENSRNOG00000014375","Adgrb2",2.30607700835744,1.12986490497703e-08,1.53901,0.03359166,NA,NA
"144","ENSRNOG00000014481","Adtrp",-6.58423225307566,8.00484014504798e-111,NA,NA,-0.6495262,0.04929949
"145","ENSRNOG00000014555","Aox4",2.1566880247873,0.0287579420509082,1.4352417,0.01016735,NA,NA
"146","ENSRNOG00000014659","Ebpl",-3.6720865104137,1.28409164579954e-61,NA,NA,-0.9746137,0.008826043
"147","ENSRNOG00000014835","Il1rl1",2.97250126377211,0.000244141646312499,1.2934964,0.01857634,NA,NA
"148","ENSRNOG00000014896","Adgrg3",9.52511647213453,1.37571838025848e-23,1.8130725,0.04081706,NA,NA
"149","ENSRNOG00000014970","Kif17",6.80946853055173,3.16483506753128e-34,1.4650759,0.0493356,NA,NA
"150","ENSRNOG00000015233","Etfa",-2.43391700626419,3.61333451049118e-18,NA,NA,-0.7150694,0.019936322
"151","ENSRNOG00000015394","Trpv5",5.42810962533412,3.11194831126406e-10,1.6470714,0.03359166,NA,NA
"152","ENSRNOG00000015581","Dnah6",-1.91693058328751,0.000371059104447675,0.9601848,0.02077939,NA,NA
"153","ENSRNOG00000015751","Cyp4f18",6.92010029092676,1.85823519948562e-31,1.6918984,0.009958962,NA,NA
"154","ENSRNOG00000015794","Fam83d",0.99243064361953,0.00172715845203112,1.9123633,0.01671381,NA,NA
"155","ENSRNOG00000015913","Tspan5",3.62730970434646,1.37462278613683e-29,1.2367137,0.02839731,NA,NA
"156","ENSRNOG00000015957","F13a1",8.76571460572428,3.22024298504191e-33,1.4387966,0.01585739,NA,NA
"157","ENSRNOG00000016271","Itm2b",-1.99961542254453,1.36953186563667e-11,NA,NA,-0.6448705,0.030638952
"158","ENSRNOG00000016292","Pdzd9",-1.37616179408384,0.0409415745671455,1.489018,0.02742815,NA,NA
"159","ENSRNOG00000016437","Tm4sf4",-4.71207230656693,4.67445546878938e-52,NA,NA,-0.7872932,0.005228979
"160","ENSRNOG00000016496","Ctsc",-4.27848489112418,4.35726632639531e-69,NA,NA,-0.7445126,0.01117913
"161","ENSRNOG00000016505","Fam169a",6.32926528604745,7.71547897296202e-18,1.5991701,0.02345399,NA,NA
"162","ENSRNOG00000016544","Arhgef28",3.3074639961944,3.15404022577409e-11,0.9975892,0.03069049,NA,NA
"163","ENSRNOG00000016550","Dclk2",2.41105202531794,2.57609827479004e-06,0.9914483,0.02676421,NA,NA
"164","ENSRNOG00000016753","Slc14a1",5.98847038763382,3.42096229328921e-33,1.4671425,0.03849369,NA,NA
"165","ENSRNOG00000017027","Adam2",2.41888278242967,0.00429187663493938,1.8683318,0.006975835,NA,NA
"166","ENSRNOG00000017118","P4ha3",2.56447452748726,2.40447138815296e-10,1.6581065,0.0170551,NA,NA
"167","ENSRNOG00000017120","Abhd2",-5.30767224407877,1.51135668765199e-56,NA,NA,-0.6065203,0.037771289
"168","ENSRNOG00000017127","Rpl28",0.753104984089807,0.00113791652500867,NA,NA,-0.732723,0.019936322
"169","ENSRNOG00000017130","Rhd",6.54379063229321,4.02036905541502e-46,1.6748038,0.02090624,NA,NA
"170","ENSRNOG00000017237","Lama1",3.04314212031181,5.77814933187271e-05,1.3902979,0.01020177,NA,NA
"171","ENSRNOG00000017283","Kcnt1",3.47724616393775,1.45231628594462e-09,1.1017331,0.03900326,NA,NA
"172","ENSRNOG00000017396","Marchf5",-0.91220615383031,1.844511349552e-05,NA,NA,-0.6787434,0.03308625
"173","ENSRNOG00000017597","Fbp1",-4.65284960697771,6.41211831616603e-15,NA,NA,-0.649541,0.020147358
"174","ENSRNOG00000017908","Pnliprp1",4.46584665203233,0.00280531995992767,1.5743244,0.04578297,NA,NA
"175","ENSRNOG00000017977","Smpd1",-2.81646799412568,5.42576402315906e-41,NA,NA,-0.7151843,0.025480961
"176","ENSRNOG00000018241","Ank1",5.8876676021519,5.67513169388615e-28,1.4908016,0.003902677,NA,NA
"177","ENSRNOG00000018254","Sncaip",2.68315256929556,0.00595764741256054,1.2421151,0.02867477,NA,NA
"178","ENSRNOG00000018402","Apoc2",-4.14653506982108,6.07832021644813e-35,NA,NA,-0.7063241,0.019478259
"179","ENSRNOG00000018445","Agt",-5.52101502690189,1.05341694202109e-46,NA,NA,-0.6304358,0.042787159
"180","ENSRNOG00000018735","Cd74",-2.81528942914664,1.19363852892599e-12,NA,NA,-0.6217903,0.037224187
"181","ENSRNOG00000018982","Entpd3",2.9084579738268,0.00126638984546181,1.4739419,0.04316077,NA,NA
"182","ENSRNOG00000019057","Prkcq",7.82920071927636,6.21625096982906e-40,1.4268923,0.00268594,NA,NA
"183","ENSRNOG00000019100","Kif2c",3.90549595784983,1.42109644360925e-36,1.703603,0.004650212,NA,NA
"184","ENSRNOG00000019249","Ap3b2",2.89042593691118,3.33301566518403e-09,1.179253,0.01830726,NA,NA
"185","ENSRNOG00000019271","Ulk4",3.70187518147043,2.20689339500864e-08,1.1298054,0.0253379,NA,NA
"186","ENSRNOG00000019290","Pskh1",-1.49952815131271,1.08709876423959e-10,NA,NA,-0.7709804,0.033591657
"187","ENSRNOG00000019372","Pc",-3.27201160744915,2.29280939366779e-27,NA,NA,-0.5972312,0.049999518
"188","ENSRNOG00000019424","Aspdh",-3.73832860660641,1.29618108292664e-28,NA,NA,-0.6153462,0.039003258
"189","ENSRNOG00000019481","Cyp8b1",-6.44148123116584,9.47045722675843e-17,NA,NA,-0.7626123,0.046152473
"190","ENSRNOG00000019573","Lcat",-4.62083644874488,2.37725637787253e-64,NA,NA,-0.6632137,0.045782966
"191","ENSRNOG00000019708","Ctsf",-2.42807200930701,9.14688289319742e-34,NA,NA,-0.6623708,0.021023337
"192","ENSRNOG00000019859","Pla2g15",-1.44773388898405,5.13520079099141e-08,NA,NA,-0.7742939,0.014841353
"193","ENSRNOG00000019868","Psma5",-1.00245845215295,1.53819337528815e-07,NA,NA,-0.9296122,0.010042799
"194","ENSRNOG00000019959","Kcnc3",3.3453855056363,3.9246281578659e-08,1.4461015,0.03899423,NA,NA
"195","ENSRNOG00000020013","Psrc1",2.92402688276523,8.55428263713691e-10,2.3194292,0.01296085,NA,NA
"196","ENSRNOG00000020138","Slc4a3",1.74515830227112,0.000399099607881321,1.5862033,0.01513566,NA,NA
"197","ENSRNOG00000020317","Rab5if",-1.44097053812688,7.82493984114303e-18,NA,NA,-0.7395859,0.02345399
"198","ENSRNOG00000020345","Slc25a42",-0.495726615651122,0.00593787899273122,NA,NA,-0.5801661,0.040922411
"199","ENSRNOG00000020350","Pacs1",2.13215740089306,1.68483543444238e-08,0.9318775,0.006975835,NA,NA
"200","ENSRNOG00000020451","Cd81",-3.73988766343576,3.36357904301432e-69,NA,NA,-0.7328258,0.021564359
"201","ENSRNOG00000020525","Col5a3",5.55306612501108,2.25201623316788e-17,1.2090817,0.03920979,NA,NA
"202","ENSRNOG00000020607","Bckdha",-2.42330607279577,5.05623986633866e-15,NA,NA,-0.5687165,0.042958179
"203","ENSRNOG00000020625","Mcpt1",5.43258600653832,7.45074130532132e-19,1.6849194,0.004650212,NA,NA
"204","ENSRNOG00000020636","Spint2",-1.49480477608714,2.64568156426865e-07,NA,NA,-0.7272714,0.008826043
"205","ENSRNOG00000020679","Icam1",-2.00154777398692,4.04078184929277e-07,NA,NA,-0.6230665,0.028397313
"206","ENSRNOG00000020829","Them4",-1.39064008586464,0.00191375675680023,1.6179952,0.03565612,NA,NA
"207","ENSRNOG00000021031","Grn",-0.582231666778257,0.0445736642610442,NA,NA,-0.7415063,0.008369724
"208","ENSRNOG00000021177","Cox8a",-1.61850242450969,1.44868262169903e-15,NA,NA,-0.8427777,0.033778387
"209","ENSRNOG00000021207","Lgals12",5.66309996019188,9.29959608032089e-05,1.5969806,0.03769318,NA,NA
"210","ENSRNOG00000021316","Tmem98",-3.51076085339054,1.95569901615112e-36,NA,NA,-0.6916756,0.01534299
"211","ENSRNOG00000021405","Cyp2c7",-7.41181420727973,2.22063737390425e-18,NA,NA,-0.9086852,0.021263767
"212","ENSRNOG00000021560","Cass4",5.69629217900815,1.41085212245412e-22,1.5653684,0.03301029,NA,NA
"213","ENSRNOG00000021713","Kif18b",5.48475135090998,2.31698129242848e-38,1.1611223,0.03889678,NA,NA
"214","ENSRNOG00000022261","Cenpu",4.00448084733617,3.64890318040783e-30,2.471082,0.01067827,NA,NA
"215","ENSRNOG00000022499","Sgo1",3.67292065473351,2.60440493437193e-22,1.3876588,0.04101374,NA,NA
"216","ENSRNOG00000023708","Tmem176a",-4.66491227694975,8.97722188095886e-21,NA,NA,-0.8424692,0.022461885
"217","ENSRNOG00000023856","Agxt",-5.22011772932952,8.06509624228592e-34,NA,NA,-0.6603048,0.031935519
"218","ENSRNOG00000023861","Snap91",1.73840148862903,0.0032593798475274,1.364355,0.008826043,NA,NA
"219","ENSRNOG00000024277","Card11",3.9669150924683,6.41211831616603e-15,1.1893469,0.0361024,NA,NA
"220","ENSRNOG00000024384","Cpn2",-6.22797379913344,5.86265110604766e-95,NA,NA,-0.6528369,0.020325138
"221","ENSRNOG00000024650","Ckap2",1.64186000798088,5.54835021838892e-07,1.2535681,0.0397876,NA,NA
"222","ENSRNOG00000024651","Greb1",2.40548606447931,0.000474307095621418,0.9490181,0.03736947,NA,NA
"223","ENSRNOG00000024705","Rarres2",-7.39825792190541,5.39518126526401e-109,NA,NA,-0.6256551,0.041013737
"224","ENSRNOG00000024824","Col22a1",-1.89177025896892,0.00793761674387456,0.9467412,0.03137752,NA,NA
"225","ENSRNOG00000025110","Vwa3a",4.94348986904931,5.17345181080854e-13,1.2212118,0.02521874,NA,NA
"226","ENSRNOG00000025518","Carmil3",2.88919175375265,1.96743667889138e-11,1.2906781,0.01968495,NA,NA
"227","ENSRNOG00000026065","Slit1",4.26870770280039,4.96164584496992e-12,1.4510019,0.003902677,NA,NA
"228","ENSRNOG00000026120","Fam8a1",-3.19862865358936,1.04836782973038e-20,NA,NA,-0.7319099,0.02345399
"229","ENSRNOG00000026163","Cpt1c",0.918098131354301,0.0356438708354061,1.1121204,0.03134554,NA,NA
"230","ENSRNOG00000026488","Gltpd2",-3.13002459741389,3.01128724440657e-28,NA,NA,-0.7449106,0.04729151
"231","ENSRNOG00000026616","Ndufb2",-1.20962510714878,3.73846611128027e-10,NA,NA,-0.8187421,0.040545883
"232","ENSRNOG00000026914","Dnah1",2.1496161691933,2.84618556353466e-05,0.9697333,0.004199171,NA,NA
"233","ENSRNOG00000026928","RGD1560402",1.28200652616822,0.00176147824148186,1.6710574,0.04939056,NA,NA
"234","ENSRNOG00000027037","Alox12",5.08018844396001,7.29966310123406e-19,1.3362682,0.04615247,NA,NA
"235","ENSRNOG00000027797","Nit2",-3.62407841855547,2.78444226377619e-50,NA,NA,-0.578958,0.049027058
"236","ENSRNOG00000027894","Iqgap3",1.55515153467464,2.69972020722426e-05,1.1269124,0.03095457,NA,NA
"237","ENSRNOG00000027911","Stkld1",5.90680687889687,3.50279391500458e-11,1.3905966,0.04664062,NA,NA
"238","ENSRNOG00000027936","Ccdc8",3.7411386059892,2.67983653043657e-08,1.9558501,0.03251633,NA,NA
"239","ENSRNOG00000028627","Hmcn1",1.92195011380773,0.000385657971601693,0.5918217,0.04482953,NA,NA
"240","ENSRNOG00000028844","Slc9a5",6.16873296012964,7.70674506849535e-29,1.3591234,0.017829,NA,NA
"241","ENSRNOG00000028926","RGD1559662",9.12563843584749,8.80045947909209e-45,2.8279795,0.03407712,NA,NA
"242","ENSRNOG00000029055","Ttk",3.51689233783905,1.29003539717961e-19,1.394933,0.04669707,NA,NA
"243","ENSRNOG00000029450","Adgrb1",1.77935085431008,9.09228874163352e-05,1.3172596,0.01859775,NA,NA
"244","ENSRNOG00000029500","Tapbp",-1.66409525995406,8.16430152495433e-15,NA,NA,-0.7401605,0.016207499
"245","ENSRNOG00000029938","Pik3c2b",2.5061310791799,3.27401696863739e-09,0.9123158,0.02123621,NA,NA
"246","ENSRNOG00000030126","Clk3",2.62649516502298,6.34606043398748e-32,NA,NA,-0.5593927,0.043388665
"247","ENSRNOG00000030145"," ",6.44590982380682,2.27092349035434e-14,0.8419827,0.0325341,NA,NA
"248","ENSRNOG00000030515","Nfasc",1.51114324214443,3.59731857932604e-07,1.3908864,0.006769868,NA,NA
"249","ENSRNOG00000030629","Camkmt",2.09540191259405,2.43018084943905e-05,1.8979712,0.0435778,NA,NA
"250","ENSRNOG00000031612","Gls2",-5.07037626527861,6.2206358765386e-94,NA,NA,-0.6429616,0.043044085
"251","ENSRNOG00000031766","CYTB",3.93542486467947,2.51409960939738e-11,0.7898899,0.03722419,NA,NA
"252","ENSRNOG00000031782","Col6a4",7.47107521381666,1.00965208865365e-12,1.5081786,0.003837296,NA,NA
"253","ENSRNOG00000031997","Ttll7",-1.39222501980865,0.0415723042895929,1.0415271,0.01126499,NA,NA
"254","ENSRNOG00000032381","Naglu",-1.48564595438818,7.58198013750764e-12,NA,NA,-0.7734286,0.028320643
"255","ENSRNOG00000032778","Bub1",2.77508384966849,5.59596041478802e-14,1.6074177,0.02712397,NA,NA
"256","ENSRNOG00000033026","Dclk3",4.40549773235385,3.19427479986412e-08,1.6165327,0.02597159,NA,NA
"257","ENSRNOG00000033923","Aox2",-2.04269121503471,0.000196632126002572,1.5094958,0.02230727,NA,NA
"258","ENSRNOG00000036742","Uqcrc2",-1.98153846627305,3.69071233330486e-20,NA,NA,-0.5810887,0.049301898
"259","ENSRNOG00000037865","Hormad2",5.39161781725464,1.46592361346254e-57,2.1551404,0.008304779,NA,NA
"260","ENSRNOG00000037911","LOC680227",-0.651963747401876,0.0190961919838409,1.4815382,0.01484135,NA,NA
"261","ENSRNOG00000038933","Spcs3",-1.79340739947935,2.67886011013863e-16,NA,NA,-0.8238938,0.039705369
"262","ENSRNOG00000039405","Prss29",6.09976385843936,9.52133391463191e-07,2.3831346,0.02167928,NA,NA
"263","ENSRNOG00000039473","Ccdc152",-3.60216464952764,1.96164950076712e-19,NA,NA,-0.9605391,0.017829005
"264","ENSRNOG00000039656","Abca17",3.08271076875209,8.71563168149106e-05,0.9457905,0.04181611,NA,NA
"265","ENSRNOG00000039754","Rab7b",1.37912666391388,0.0121055825334543,1.7239338,0.04656302,NA,NA
"266","ENSRNOG00000039980","Slc25a5",-1.88335598552703,2.73962535090682e-17,NA,NA,-0.8033434,0.010167354
"267","ENSRNOG00000042029","Efs",2.57190683216304,0.000649222708556068,1.2211022,0.03434025,NA,NA
"268","ENSRNOG00000042224","Cyp2j10",-6.65556493321092,3.65519792876078e-128,NA,NA,-0.6361925,0.038889294
"269","ENSRNOG00000042771","Apol3",-3.88655939962819,1.29407990816587e-37,NA,NA,-0.6413063,0.030028105
"270","ENSRNOG00000042785","Sesn2",-1.88395925768509,6.32885127167222e-13,NA,NA,-0.668489,0.022365516
"271","ENSRNOG00000042912","Mycbpap",6.5768472587653,7.70744907205984e-18,1.4070562,0.006995421,NA,NA
"272","ENSRNOG00000045626","Pkd1l2",3.69249595602885,1.55259884187075e-09,0.8221689,0.03359166,NA,NA
"273","ENSRNOG00000046007","Cldn3",-5.5166619042826,8.78462361614247e-41,NA,NA,-0.6470464,0.015135656
"274","ENSRNOG00000046307","Glyctk",-4.94504238003789,1.45676320344662e-61,NA,NA,-0.6077473,0.03308625
"275","ENSRNOG00000046540","Ugt2b",-7.41770969318109,2.71036818339434e-95,NA,NA,-0.7976846,0.03095457
"276","ENSRNOG00000047647","Il2ra",3.87985992880508,7.77172795968418e-08,2.0468021,0.02077939,NA,NA
"277","ENSRNOG00000049937","Pdxk",-2.88826501003574,3.23962549270991e-18,NA,NA,-0.7826492,0.026792061
"278","ENSRNOG00000049955","Npc1l1",7.08365578328624,2.90925558623939e-10,2.1933425,0.002749328,NA,NA
"279","ENSRNOG00000049991","Mcpt8",4.73351385347847,3.21733883191352e-27,1.543765,0.02597159,NA,NA
"280","ENSRNOG00000050156"," ",3.22399768849006,0.000207306499630665,NA,NA,-0.9442783,0.018067442
"281","ENSRNOG00000050325","Adgre4",-1.94271740379697,7.32294851271046e-05,1.1876892,0.04438908,NA,NA
"282","ENSRNOG00000050761","Serpina10",-4.32610084403167,1.10671201987869e-42,NA,NA,-0.9097047,0.028397313
"283","ENSRNOG00000051912","Acnat2",-6.608573200474,4.80306905647575e-17,NA,NA,-0.6742611,0.028959013
"284","ENSRNOG00000052080","Camk2b",2.84313633868315,6.1624286529664e-10,1.3844733,0.008804004,NA,NA
"285","ENSRNOG00000052310","Pkd1l3",3.23613441606725,1.76666189996939e-16,0.9954217,0.02780274,NA,NA
"286","ENSRNOG00000052604","LOC100361907",-4.7127730762457,3.6525841535867e-35,NA,NA,-0.8869588,0.044256069
"287","ENSRNOG00000052707","Cacna1a",1.47245183524158,0.00292787048121936,0.9049528,0.03072969,NA,NA
"288","ENSRNOG00000053040"," ",-3.99909916690269,1.56509583292041e-26,NA,NA,-0.9011569,0.01824136
"289","ENSRNOG00000053334","Stmn4",1.69305638332324,0.00175565618400037,2.2848397,0.01673271,NA,NA
"290","ENSRNOG00000053889","Celsr3",3.07823695214589,8.39853021316267e-10,1.1844555,0.01640937,NA,NA
"291","ENSRNOG00000054052","Ppp4r4",-2.42251482942559,0.000523538949042065,1.0106387,0.03132562,NA,NA
"292","ENSRNOG00000054077"," ",-6.68585495678894,1.68140788900219e-38,NA,NA,-0.6483766,0.049837056
"293","ENSRNOG00000054142","Slc30a2",2.48896399446809,0.000389440908611145,1.9729242,0.007551574,NA,NA
"294","ENSRNOG00000055295","Pecr",-3.85851619568975,1.52235437603676e-24,NA,NA,-0.5754214,0.047191697
"295","ENSRNOG00000055790","Nup210l",5.00786657078351,2.30840979339199e-13,1.4806232,0.002934063,NA,NA
"296","ENSRNOG00000056174","Pdzd4",4.1792977997434,2.51959288844874e-12,1.5985242,0.03069049,NA,NA
"297","ENSRNOG00000056358","Ccdc27",2.10985461611956,0.000423867593532593,1.3867089,0.01207511,NA,NA
"298","ENSRNOG00000056524","Abcd1",-2.14532119022423,1.50254493246274e-25,NA,NA,-0.6376692,0.049012641
"299","ENSRNOG00000056688","Acnat1",-7.03181361111826,7.70014591579163e-22,NA,NA,-0.6321113,0.025218743
"300","ENSRNOG00000056834"," ",3.57658579496221,1.12328066969476e-06,NA,NA,-1.3030919,0.021236207
"301","ENSRNOG00000057290","Tmem168",-2.82983018801041,8.97854042407167e-18,NA,NA,-1.0434246,0.049335601
"302","ENSRNOG00000057867","Mns1",4.33691782214043,3.69168353548665e-20,1.2425001,0.0170551,NA,NA
"303","ENSRNOG00000058271","Chpt1",-4.30358886792724,1.66676990937948e-57,NA,NA,-0.9159864,0.018067442
"304","ENSRNOG00000058316","LOC686087",-1.72258244436812,0.00302549332823822,2.4189906,0.02843391,NA,NA
"305","ENSRNOG00000058386","Golt1b",1.46448282676324,6.23493613567889e-09,0.9938683,0.006002288,NA,NA
"306","ENSRNOG00000058645","Tnc",1.83268077297262,0.00197835846587108,1.4222912,0.005327057,NA,NA
"307","ENSRNOG00000059215","Slc66a2",-1.17056643721771,4.89029364968727e-08,NA,NA,-0.5937989,0.028959013
"308","ENSRNOG00000059330"," ",-7.04824164483508,4.82183119036908e-17,NA,NA,-0.8524906,0.008804004
"309","ENSRNOG00000059947","Sdc1",-5.26199553994946,7.24074764830938e-111,NA,NA,-0.7253607,0.015135656
"310","ENSRNOG00000060005","Surf4",-3.1292490532799,5.27023265855271e-31,NA,NA,-0.6714536,0.03658111
"311","ENSRNOG00000061085","Fancd2",4.66621121623384,2.78161552893857e-32,1.1433405,0.01592628,NA,NA
"312","ENSRNOG00000061147","Fam189a2",3.79960430400351,6.29815537937051e-13,1.8516018,0.01104833,NA,NA
"313","ENSRNOG00000061731","Plxnb3",1.28818562995141,0.029067979154946,1.8874499,0.007678439,NA,NA
